{"cameraMode":{"drawMode":0,"name":"Shaded","section":"Shading Mode"},"sceneLighting":true,"audioPlay":false,"sceneViewState":{"m_AlwaysRefresh":false,"showFog":true,"showSkybox":true,"showFlares":true,"showImageEffects":true,"showParticleSystems":true,"showVisualEffectGraphs":true,"m_FxEnabled":true},"in2DMode":false,"pivot":{"x":-30.30057144165039,"y":-38.475440979003909,"z":-35.51403045654297},"rotation":{"x":0.058130569756031039,"y":-0.9341232776641846,"z":0.17898708581924439,"w":0.30346035957336428},"size":63.336631774902347,"orthographic":false}